USE cnpm;
SET FOREIGN_KEY_CHECKS=0;
DELETE FROM voucher_product_type;
DELETE FROM wishlist_product;
DELETE FROM order_item;
DELETE FROM CartItem;
DELETE FROM cart;
DELETE FROM Message;
DELETE FROM conversation;
DELETE FROM question;
DELETE FROM Review;
DELETE FROM log;
DELETE FROM campaignImage;
DELETE FROM marketingCampaign;
DELETE FROM VoucherByPrice;
DELETE FROM VoucherByProduct;
DELETE FROM voucher;
DELETE FROM product_image;
DELETE FROM product_type;
DELETE FROM product;
DELETE FROM category;
DELETE FROM Wishlist;
DELETE FROM orders;
DELETE FROM Administrator;
DELETE FROM Employee;
DELETE FROM Customer;
DELETE FROM user;
DELETE FROM role;
DELETE FROM blog;
DELETE FROM payment_account;
INSERT INTO role (roleId, roleName) VALUES (1, 'Administrator');
INSERT INTO role (roleId, roleName) VALUES (2, 'Employee');
INSERT INTO role (roleId, roleName) VALUES (3, 'Customer');
INSERT INTO user (userId, address, email, gender, isDelete, name, password, phone, status, roleId) VALUES (1, '123 Admin Street', 'admin@ergo.com', 'Male', 0, 'System Admin', 'admin123', '0901234567', 'Active', 1);
INSERT INTO user (userId, address, email, gender, isDelete, name, password, phone, status, roleId) VALUES (2, '456 Manager Ave', 'manager@ergo.com', 'Female', 0, 'Store Manager', 'manager123', '0902345678', 'Active', 1);
INSERT INTO user (userId, address, email, gender, isDelete, name, password, phone, status, roleId) VALUES (3, '789 Employee Rd', 'employee1@ergo.com', 'Male', 0, 'Nguyen Van A', 'emp123', '0903456789', 'Active', 2);
INSERT INTO user (userId, address, email, gender, isDelete, name, password, phone, status, roleId) VALUES (4, '321 Staff Lane', 'employee2@ergo.com', 'Female', 0, 'Tran Thi B', 'emp123', '0904567890', 'Active', 2);
INSERT INTO user (userId, address, email, gender, isDelete, name, password, phone, status, roleId) VALUES (5, '654 Worker St', 'employee3@ergo.com', 'Male', 0, 'Le Van C', 'emp123', '0905678901', 'Active', 2);
INSERT INTO user (userId, address, email, gender, isDelete, name, password, phone, status, roleId) VALUES (6, '111 Customer Blvd', 'customer1@gmail.com', 'Male', 0, 'Pham Van D', 'cust123', '0906789012', 'Active', 3);
INSERT INTO user (userId, address, email, gender, isDelete, name, password, phone, status, roleId) VALUES (7, '222 Buyer Ave', 'customer2@gmail.com', 'Female', 0, 'Hoang Thi E', 'cust123', '0907890123', 'Active', 3);
INSERT INTO user (userId, address, email, gender, isDelete, name, password, phone, status, roleId) VALUES (8, '333 Shopper Rd', 'customer3@gmail.com', 'Male', 0, 'Vo Van F', 'cust123', '0908901234', 'Active', 3);
INSERT INTO user (userId, address, email, gender, isDelete, name, password, phone, status, roleId) VALUES (9, '444 Client St', 'customer4@gmail.com', 'Female', 0, 'Dang Thi G', 'cust123', '0909012345', 'Active', 3);
INSERT INTO user (userId, address, email, gender, isDelete, name, password, phone, status, roleId) VALUES (10, '555 Member Lane', 'customer5@gmail.com', 'Male', 0, 'Bui Van H', 'cust123', '0910123456', 'Active', 3);
INSERT INTO Administrator (administratorId) VALUES (1);
INSERT INTO Administrator (administratorId) VALUES (2);
INSERT INTO Employee (employeeId) VALUES (3);
INSERT INTO Employee (employeeId) VALUES (4);
INSERT INTO Employee (employeeId) VALUES (5);
INSERT INTO Customer (customerId) VALUES (6);
INSERT INTO Customer (customerId) VALUES (7);
INSERT INTO Customer (customerId) VALUES (8);
INSERT INTO Customer (customerId) VALUES (9);
INSERT INTO Customer (customerId) VALUES (10);
INSERT INTO category (categoryId, categoryName) VALUES (1, 'Office Desks');
INSERT INTO category (categoryId, categoryName) VALUES (2, 'Office Chairs');
INSERT INTO category (categoryId, categoryName) VALUES (3, 'Storage Cabinets');
INSERT INTO category (categoryId, categoryName) VALUES (4, 'Meeting Room Furniture');
INSERT INTO category (categoryId, categoryName) VALUES (5, 'Reception Furniture');
INSERT INTO category (categoryId, categoryName) VALUES (6, 'Accessories');
INSERT INTO product (productId, descript, isDelete, name, categoryId) VALUES (1, 'Modern ergonomic standing desk', 0, 'Electric Standing Desk Pro', 1);
INSERT INTO product (productId, descript, isDelete, name, categoryId) VALUES (2, 'Classic L-shaped corner desk', 0, 'L-Shaped Executive Desk', 1);
INSERT INTO product (productId, descript, isDelete, name, categoryId) VALUES (3, 'Compact writing desk', 0, 'Compact Writing Desk', 1);
INSERT INTO product (productId, descript, isDelete, name, categoryId) VALUES (4, 'Industrial desk with metal frame', 0, 'Industrial Style Desk', 1);
INSERT INTO product (productId, descript, isDelete, name, categoryId) VALUES (5, 'Premium ergonomic mesh chair', 0, 'Ergonomic Mesh Chair Pro', 2);
INSERT INTO product (productId, descript, isDelete, name, categoryId) VALUES (6, 'Executive leather chair', 0, 'Executive Leather Chair', 2);
INSERT INTO product (productId, descript, isDelete, name, categoryId) VALUES (7, 'Budget-friendly task chair', 0, 'Basic Task Chair', 2);
INSERT INTO product (productId, descript, isDelete, name, categoryId) VALUES (8, 'Gaming-style office chair', 0, 'Gaming Office Chair', 2);
INSERT INTO product (productId, descript, isDelete, name, categoryId) VALUES (9, '3-drawer mobile pedestal', 0, 'Mobile Pedestal Cabinet', 3);
INSERT INTO product (productId, descript, isDelete, name, categoryId) VALUES (10, 'Tall bookshelf', 0, 'Modern Bookshelf', 3);
INSERT INTO product (productId, descript, isDelete, name, categoryId) VALUES (11, 'Lateral filing cabinet', 0, 'Lateral Filing Cabinet', 3);
INSERT INTO product (productId, descript, isDelete, name, categoryId) VALUES (12, 'Conference table for 8-10', 0, 'Conference Table Large', 4);
INSERT INTO product (productId, descript, isDelete, name, categoryId) VALUES (13, 'Round meeting table', 0, 'Round Meeting Table', 4);
INSERT INTO product (productId, descript, isDelete, name, categoryId) VALUES (14, 'L-shaped reception desk', 0, 'Reception Desk Modern', 5);
INSERT INTO product (productId, descript, isDelete, name, categoryId) VALUES (15, 'Waiting room sofa', 0, 'Reception Sofa', 5);
INSERT INTO product (productId, descript, isDelete, name, categoryId) VALUES (16, 'Dual monitor arm', 0, 'Dual Monitor Arm', 6);
INSERT INTO product (productId, descript, isDelete, name, categoryId) VALUES (17, 'Ergonomic keyboard tray', 0, 'Keyboard Tray', 6);
INSERT INTO product (productId, descript, isDelete, name, categoryId) VALUES (18, 'Cable management kit', 0, 'Cable Management Kit', 6);
INSERT INTO product_type (typeId, color, height, length, material, price, quantity, weight, width, productId) VALUES (1, 'White', 120, 160, 'MDF with Steel Frame', 12500000, 50, 45, 80, 1);
INSERT INTO product_type (typeId, color, height, length, material, price, quantity, weight, width, productId) VALUES (2, 'Black', 120, 160, 'MDF with Steel Frame', 12500000, 45, 45, 80, 1);
INSERT INTO product_type (typeId, color, height, length, material, price, quantity, weight, width, productId) VALUES (3, 'Walnut', 120, 180, 'Solid Wood', 15000000, 30, 55, 80, 1);
INSERT INTO product_type (typeId, color, height, length, material, price, quantity, weight, width, productId) VALUES (4, 'Oak', 75, 180, 'Engineered Wood', 8500000, 25, 60, 150, 2);
INSERT INTO product_type (typeId, color, height, length, material, price, quantity, weight, width, productId) VALUES (5, 'Mahogany', 75, 180, 'Solid Wood', 12000000, 15, 70, 150, 2);
INSERT INTO product_type (typeId, color, height, length, material, price, quantity, weight, width, productId) VALUES (6, 'White', 75, 160, 'MDF Laminate', 6500000, 40, 50, 140, 2);
INSERT INTO product_type (typeId, color, height, length, material, price, quantity, weight, width, productId) VALUES (7, 'White', 75, 100, 'MDF', 2500000, 100, 20, 50, 3);
INSERT INTO product_type (typeId, color, height, length, material, price, quantity, weight, width, productId) VALUES (8, 'Natural', 75, 100, 'Pine Wood', 3200000, 60, 25, 50, 3);
INSERT INTO product_type (typeId, color, height, length, material, price, quantity, weight, width, productId) VALUES (9, 'Black', 75, 140, 'Metal Wood', 7500000, 35, 55, 70, 4);
INSERT INTO product_type (typeId, color, height, length, material, price, quantity, weight, width, productId) VALUES (10, 'Black', 115, 65, 'Mesh Aluminum', 5500000, 80, 15, 65, 5);
INSERT INTO product_type (typeId, color, height, length, material, price, quantity, weight, width, productId) VALUES (11, 'Gray', 115, 65, 'Mesh Aluminum', 5500000, 60, 15, 65, 5);
INSERT INTO product_type (typeId, color, height, length, material, price, quantity, weight, width, productId) VALUES (12, 'Blue', 115, 65, 'Mesh Aluminum', 5800000, 40, 15, 65, 5);
INSERT INTO product_type (typeId, color, height, length, material, price, quantity, weight, width, productId) VALUES (13, 'Black', 125, 70, 'Genuine Leather', 8500000, 30, 22, 70, 6);
INSERT INTO product_type (typeId, color, height, length, material, price, quantity, weight, width, productId) VALUES (14, 'Brown', 125, 70, 'Genuine Leather', 8500000, 25, 22, 70, 6);
INSERT INTO product_type (typeId, color, height, length, material, price, quantity, weight, width, productId) VALUES (15, 'White', 125, 70, 'PU Leather', 6500000, 35, 20, 70, 6);
INSERT INTO product_type (typeId, color, height, length, material, price, quantity, weight, width, productId) VALUES (16, 'Black', 100, 60, 'Fabric Plastic', 1500000, 150, 10, 60, 7);
INSERT INTO product_type (typeId, color, height, length, material, price, quantity, weight, width, productId) VALUES (17, 'Gray', 100, 60, 'Fabric Plastic', 1500000, 120, 10, 60, 7);
INSERT INTO product_type (typeId, color, height, length, material, price, quantity, weight, width, productId) VALUES (18, 'Red', 130, 70, 'PU Leather Steel', 4500000, 45, 25, 70, 8);
INSERT INTO product_type (typeId, color, height, length, material, price, quantity, weight, width, productId) VALUES (19, 'Blue', 130, 70, 'PU Leather Steel', 4500000, 40, 25, 70, 8);
INSERT INTO product_type (typeId, color, height, length, material, price, quantity, weight, width, productId) VALUES (20, 'White', 60, 40, 'Steel', 2200000, 70, 18, 50, 9);
INSERT INTO product_type (typeId, color, height, length, material, price, quantity, weight, width, productId) VALUES (21, 'Black', 60, 40, 'Steel', 2200000, 65, 18, 50, 9);
INSERT INTO product_type (typeId, color, height, length, material, price, quantity, weight, width, productId) VALUES (22, 'White', 180, 80, 'MDF', 3500000, 40, 35, 30, 10);
INSERT INTO product_type (typeId, color, height, length, material, price, quantity, weight, width, productId) VALUES (23, 'Oak', 180, 80, 'Engineered Wood', 4200000, 30, 40, 30, 10);
INSERT INTO product_type (typeId, color, height, length, material, price, quantity, weight, width, productId) VALUES (24, 'Gray', 70, 90, 'Steel', 4800000, 25, 45, 45, 11);
INSERT INTO product_type (typeId, color, height, length, material, price, quantity, weight, width, productId) VALUES (25, 'Walnut', 75, 300, 'Solid Wood', 25000000, 10, 120, 120, 12);
INSERT INTO product_type (typeId, color, height, length, material, price, quantity, weight, width, productId) VALUES (26, 'White', 75, 280, 'MDF Metal', 18000000, 15, 90, 110, 12);
INSERT INTO product_type (typeId, color, height, length, material, price, quantity, weight, width, productId) VALUES (27, 'White', 75, 120, 'MDF', 6500000, 20, 40, 120, 13);
INSERT INTO product_type (typeId, color, height, length, material, price, quantity, weight, width, productId) VALUES (28, 'Oak', 75, 120, 'Engineered Wood', 7500000, 15, 45, 120, 13);
INSERT INTO product_type (typeId, color, height, length, material, price, quantity, weight, width, productId) VALUES (29, 'White', 110, 200, 'MDF Laminate', 15000000, 8, 80, 80, 14);
INSERT INTO product_type (typeId, color, height, length, material, price, quantity, weight, width, productId) VALUES (30, 'Black', 85, 180, 'PU Leather', 12000000, 12, 55, 75, 15);
INSERT INTO product_type (typeId, color, height, length, material, price, quantity, weight, width, productId) VALUES (31, 'Gray', 85, 180, 'Fabric', 10500000, 15, 50, 75, 15);
INSERT INTO product_type (typeId, color, height, length, material, price, quantity, weight, width, productId) VALUES (32, 'Black', 45, 15, 'Aluminum', 1800000, 100, 4, 10, 16);
INSERT INTO product_type (typeId, color, height, length, material, price, quantity, weight, width, productId) VALUES (33, 'Silver', 45, 15, 'Aluminum', 1900000, 80, 4, 10, 16);
INSERT INTO product_type (typeId, color, height, length, material, price, quantity, weight, width, productId) VALUES (34, 'Black', 8, 65, 'Plastic Steel', 850000, 120, 3, 30, 17);
INSERT INTO product_type (typeId, color, height, length, material, price, quantity, weight, width, productId) VALUES (35, 'Black', 5, 100, 'Plastic', 350000, 200, 1, 5, 18);
INSERT INTO product_type (typeId, color, height, length, material, price, quantity, weight, width, productId) VALUES (36, 'White', 5, 100, 'Plastic', 350000, 180, 1, 5, 18);
INSERT INTO product_image (productImageId, productImage, productId) VALUES (1, 'uploads/products/desk1.jpg', 1);
INSERT INTO product_image (productImageId, productImage, productId) VALUES (2, 'uploads/products/desk2.jpg', 2);
INSERT INTO product_image (productImageId, productImage, productId) VALUES (3, 'uploads/products/chair1.jpg', 5);
INSERT INTO product_image (productImageId, productImage, productId) VALUES (4, 'uploads/products/chair2.jpg', 6);
INSERT INTO voucher (voucherId, code, dateEnd, dateStart, discount, isDelete) VALUES (1, 'WELCOME10', '2026-12-31', '2026-01-01', 10.0, 0);
INSERT INTO voucher (voucherId, code, dateEnd, dateStart, discount, isDelete) VALUES (2, 'NEWYEAR2026', '2026-02-28', '2026-01-01', 15.0, 0);
INSERT INTO voucher (voucherId, code, dateEnd, dateStart, discount, isDelete) VALUES (3, 'CHAIR20', '2026-06-30', '2026-01-01', 20.0, 0);
INSERT INTO voucher (voucherId, code, dateEnd, dateStart, discount, isDelete) VALUES (4, 'DESK15', '2026-06-30', '2026-01-01', 15.0, 0);
INSERT INTO voucher (voucherId, code, dateEnd, dateStart, discount, isDelete) VALUES (5, 'SUMMER25', '2026-08-31', '2026-06-01', 25.0, 0);
INSERT INTO voucher (voucherId, code, dateEnd, dateStart, discount, isDelete) VALUES (6, 'BIGORDER', '2026-12-31', '2026-01-01', 12.0, 0);
INSERT INTO voucher (voucherId, code, dateEnd, dateStart, discount, isDelete) VALUES (7, 'VIP30', '2026-12-31', '2026-01-01', 30.0, 0);
INSERT INTO voucher (voucherId, code, dateEnd, dateStart, discount, isDelete) VALUES (8, 'FLASH50', '2026-01-15', '2026-01-10', 50.0, 0);
INSERT INTO VoucherByPrice (lowerbound, voucherByPriceId) VALUES (5000000, 1);
INSERT INTO VoucherByPrice (lowerbound, voucherByPriceId) VALUES (10000000, 5);
INSERT INTO VoucherByPrice (lowerbound, voucherByPriceId) VALUES (20000000, 6);
INSERT INTO VoucherByPrice (lowerbound, voucherByPriceId) VALUES (50000000, 7);
INSERT INTO VoucherByProduct (voucherByProductId) VALUES (2);
INSERT INTO VoucherByProduct (voucherByProductId) VALUES (3);
INSERT INTO VoucherByProduct (voucherByProductId) VALUES (4);
INSERT INTO VoucherByProduct (voucherByProductId) VALUES (8);
INSERT INTO voucher_product_type (voucherByProductId, typeId) VALUES (2, 1);
INSERT INTO voucher_product_type (voucherByProductId, typeId) VALUES (2, 2);
INSERT INTO voucher_product_type (voucherByProductId, typeId) VALUES (2, 3);
INSERT INTO voucher_product_type (voucherByProductId, typeId) VALUES (3, 10);
INSERT INTO voucher_product_type (voucherByProductId, typeId) VALUES (3, 11);
INSERT INTO voucher_product_type (voucherByProductId, typeId) VALUES (3, 12);
INSERT INTO voucher_product_type (voucherByProductId, typeId) VALUES (3, 13);
INSERT INTO voucher_product_type (voucherByProductId, typeId) VALUES (3, 14);
INSERT INTO voucher_product_type (voucherByProductId, typeId) VALUES (3, 15);
INSERT INTO voucher_product_type (voucherByProductId, typeId) VALUES (4, 1);
INSERT INTO voucher_product_type (voucherByProductId, typeId) VALUES (4, 2);
INSERT INTO voucher_product_type (voucherByProductId, typeId) VALUES (4, 3);
INSERT INTO voucher_product_type (voucherByProductId, typeId) VALUES (4, 4);
INSERT INTO voucher_product_type (voucherByProductId, typeId) VALUES (4, 5);
INSERT INTO voucher_product_type (voucherByProductId, typeId) VALUES (8, 16);
INSERT INTO voucher_product_type (voucherByProductId, typeId) VALUES (8, 17);
INSERT INTO marketingCampaign (campaign_id, content, is_delete, voucher_id) VALUES (1, 'Welcome to ERGO! Get 10 percent off', 0, 1);
INSERT INTO marketingCampaign (campaign_id, content, is_delete, voucher_id) VALUES (2, 'New Year Sale 2026', 0, 2);
INSERT INTO marketingCampaign (campaign_id, content, is_delete, voucher_id) VALUES (3, 'Chair Week Special', 0, 3);
INSERT INTO marketingCampaign (campaign_id, content, is_delete, voucher_id) VALUES (4, 'Summer Clearance', 0, 5);
INSERT INTO campaignImage (image_id, image_path, campaign_id) VALUES (1, 'uploads/campaigns/welcome.jpg', 1);
INSERT INTO campaignImage (image_id, image_path, campaign_id) VALUES (2, 'uploads/campaigns/newyear.jpg', 2);
INSERT INTO cart (cartId, customerId) VALUES (1, 6);
INSERT INTO cart (cartId, customerId) VALUES (2, 7);
INSERT INTO cart (cartId, customerId) VALUES (3, 8);
INSERT INTO cart (cartId, customerId) VALUES (4, 9);
INSERT INTO cart (cartId, customerId) VALUES (5, 10);
INSERT INTO CartItem (cartItemId, price, quantity, cartId, typeId) VALUES (1, 12500000, 1, 1, 1);
INSERT INTO CartItem (cartItemId, price, quantity, cartId, typeId) VALUES (2, 5500000, 2, 1, 10);
INSERT INTO CartItem (cartItemId, price, quantity, cartId, typeId) VALUES (3, 8500000, 1, 2, 13);
INSERT INTO orders (orderId, actualCost, cityOfProvince, discount, district, orderDate, phone, status, streetNumber, totalCost, ward, customerId, voucherId) VALUES (1, 16200000, 'HCMC', 1800000, 'District 1', '2026-01-02', '0906789012', 'Delivered', '123 Nguyen Hue', 18000000, 'Ben Nghe', 6, 1);
INSERT INTO orders (orderId, actualCost, cityOfProvince, discount, district, orderDate, phone, status, streetNumber, totalCost, ward, customerId, voucherId) VALUES (2, 7650000, 'HCMC', 1350000, 'District 2', '2026-01-03', '0907890123', 'Delivered', '456 Thao Dien', 9000000, 'Thao Dien', 7, 2);
INSERT INTO orders (orderId, actualCost, cityOfProvince, discount, district, orderDate, phone, status, streetNumber, totalCost, ward, customerId, voucherId) VALUES (3, 22500000, 'Ha Noi', 2500000, 'Cau Giay', '2026-01-04', '0908901234', 'Delivered', '789 Duy Tan', 25000000, 'Dich Vong', 8, 5);
INSERT INTO orders (orderId, actualCost, cityOfProvince, discount, district, orderDate, phone, status, streetNumber, totalCost, ward, customerId, voucherId) VALUES (4, 14450000, 'HCMC', 1550000, 'District 7', '2026-01-05', '0909012345', 'Processing', '321 NVL', 16000000, 'Tan Phong', 9, NULL);
INSERT INTO orders (orderId, actualCost, cityOfProvince, discount, district, orderDate, phone, status, streetNumber, totalCost, ward, customerId, voucherId) VALUES (5, 8500000, 'Da Nang', 0, 'Hai Chau', '2026-01-06', '0910123456', 'Processing', '654 BD', 8500000, 'Thach Thang', 10, NULL);
INSERT INTO order_item (price, quantity, orderId, typeId) VALUES (12500000, 1, 1, 1);
INSERT INTO order_item (price, quantity, orderId, typeId) VALUES (5500000, 1, 1, 10);
INSERT INTO order_item (price, quantity, orderId, typeId) VALUES (8500000, 1, 2, 13);
INSERT INTO order_item (price, quantity, orderId, typeId) VALUES (25000000, 1, 3, 25);
INSERT INTO order_item (price, quantity, orderId, typeId) VALUES (8500000, 1, 4, 4);
INSERT INTO order_item (price, quantity, orderId, typeId) VALUES (4500000, 1, 5, 18);
INSERT INTO Wishlist (wishlistId, isDelete, customerId) VALUES (1, 0, 6);
INSERT INTO Wishlist (wishlistId, isDelete, customerId) VALUES (2, 0, 7);
INSERT INTO Wishlist (wishlistId, isDelete, customerId) VALUES (3, 0, 8);
INSERT INTO wishlist_product (wishlistId, productId) VALUES (1, 5);
INSERT INTO wishlist_product (wishlistId, productId) VALUES (1, 12);
INSERT INTO wishlist_product (wishlistId, productId) VALUES (2, 1);
INSERT INTO wishlist_product (wishlistId, productId) VALUES (2, 6);
INSERT INTO Review (reviewId, content, createAt, rating, customerId, productId) VALUES (1, 'Excellent standing desk', '2026-01-05 10:30:00', 5.0, 6, 1);
INSERT INTO Review (reviewId, content, createAt, rating, customerId, productId) VALUES (2, 'Great ergonomic chair', '2026-01-05 14:20:00', 4.5, 6, 5);
INSERT INTO Review (reviewId, content, createAt, rating, customerId, productId) VALUES (3, 'Beautiful executive chair', '2026-01-04 09:15:00', 4.0, 7, 6);
INSERT INTO conversation (conversationId, customerId, employeeId) VALUES (1, 6, 3);
INSERT INTO conversation (conversationId, customerId, employeeId) VALUES (2, 7, 4);
INSERT INTO Message (messsageId, content, timestamp, conversationId, userId) VALUES (1, 'Question about delivery', '2026-01-05 09:00:00', 1, 6);
INSERT INTO Message (messsageId, content, timestamp, conversationId, userId) VALUES (2, 'Delivery takes 3-5 days', '2026-01-05 09:05:00', 1, 3);
INSERT INTO question (questionId, content, isPending, timestamp, userId) VALUES (1, 'Do you offer bulk discounts', 1, '2026-01-06 11:00:00', 6);
INSERT INTO question (questionId, content, isPending, timestamp, userId) VALUES (2, 'Custom desk dimensions', 1, '2026-01-05 15:30:00', 7);
INSERT INTO blog (blogId, approval, blogTitle, content, postingDate) VALUES (1, 1, 'Top 5 Ergonomic Chairs', 'Guide to best chairs', '2026-01-02');
INSERT INTO blog (blogId, approval, blogTitle, content, postingDate) VALUES (2, 1, 'Home Office Setup', 'Tips for productivity', '2026-01-03');
INSERT INTO log (logId, content, dateLog, userId) VALUES (1, 'User logged in', '2026-01-06 08:00:00', 1);
INSERT INTO log (logId, content, dateLog, userId) VALUES (2, 'Created new product', '2026-01-01 10:00:00', 1);
INSERT INTO payment_account (bankId, bank, serialNumber, type) VALUES (1, 'Vietcombank', '0071000123456', 'Bank Transfer');
INSERT INTO payment_account (bankId, bank, serialNumber, type) VALUES (2, 'MoMo', '0901234567', 'E-Wallet');
SET FOREIGN_KEY_CHECKS=1;
SELECT 'Done' as Status;
